id,cuisine
8192,greek
20480,italian
16387,filipino
32774,russian
40961,cajun_creole
13,southern_us
8207,jamaican
38953,mexican
38232,italian
16405,moroccan
40982,italian
40984,mexican
20484,chinese
28,russian
31098,indian
49183,brazilian
40992,indian
49185,indian
35,mexican
36,italian
8230,russian
16423,japanese
16424,filipino
8236,indian
30045,thai
24627,japanese
41014,indian
24631,italian
24632,french
57,mexican
41018,japanese
17759,southern_us
16445,indian
24641,thai
49221,italian
16454,mexican
71,southern_us
48012,chinese
32843,brazilian
24652,indian
41038,british
8205,southern_us
16466,mexican
8275,mexican
41045,japanese
8281,chinese
49242,mexican
49243,italian
24668,italian
16477,spanish
30053,spanish
32737,italian
16485,chinese
32871,thai
46155,southern_us
24681,southern_us
41067,mexican
21332,chinese
24686,vietnamese
35517,indian
41072,japanese
8305,indian
15038,french
8311,moroccan
122,cajun_creole
123,mexican
32892,italian
49278,mexican
32789,moroccan
130,thai
131,mexican
16516,indian
24709,japanese
24711,chinese
24716,italian
16525,spanish
16526,cajun_creole
144,korean
8338,vietnamese
32915,italian
49265,italian
16533,italian
16534,italian
24732,indian
32925,spanish
8352,greek
40444,jamaican
164,greek
166,mexican
32935,italian
32796,indian
8362,thai
32939,french
47197,french
41136,mexican
16561,chinese
16563,mexican
45086,chinese
16566,japanese
183,italian
49336,thai
30068,mexican
43924,japanese
188,indian
24765,italian
8383,french
16581,italian
32968,irish
16585,italian
8394,french
8395,italian
49358,indian
8227,chinese
32982,jamaican
49367,japanese
49368,chinese
40996,italian
8410,mexican
219,spanish
16604,cajun_creole
8415,irish
8416,mexican
32993,italian
38267,filipino
24614,japanese
24806,thai
41194,french
235,mexican
31850,mexican
49391,southern_us
41200,irish
16625,italian
16626,mexican
16627,cajun_creole
246,mexican
247,british
249,british
47629,southern_us
49404,french
41217,chinese
41220,chinese
27350,italian
16428,italian
16651,italian
46466,italian
49423,italian
8471,french
24859,chinese
24861,italian
286,mexican
16671,italian
28106,mexican
24865,japanese
16675,mexican
33063,mexican
49449,italian
299,russian
300,mexican
24878,mexican
49455,mexican
24880,indian
13704,jamaican
24883,indian
308,moroccan
33077,cajun_creole
41270,italian
16695,thai
16697,french
33017,italian
24894,cajun_creole
49473,jamaican
45838,mexican
325,italian
16710,italian
27289,italian
329,italian
24906,italian
8523,mexican
34189,mexican
33108,indian
49494,cajun_creole
24919,french
344,southern_us
35556,mexican
41308,mexican
24927,cajun_creole
39565,southern_us
33121,chinese
22107,mexican
49507,greek
24932,japanese
47846,mexican
8553,french
24939,indian
38290,indian
45117,southern_us
41329,southern_us
30099,cajun_creole
16758,thai
33143,mexican
376,greek
16761,french
378,korean
41339,french
38293,french
384,japanese
16769,russian
388,chinese
16775,thai
41356,spanish
24972,filipino
49103,greek
43757,mexican
49552,mexican
41361,mexican
33170,french
403,greek
404,italian
34201,british
24984,thai
36932,cajun_creole
411,indian
38298,italian
24990,french
8609,chinese
418,indian
16803,italian
49574,italian
16807,indian
8618,french
8619,italian
42397,spanish
434,italian
7925,french
8629,spanish
33206,mexican
440,italian
42399,indian
49226,mexican
8638,thai
25028,italian
16837,greek
49610,french
19191,italian
16844,mexican
49613,vietnamese
16846,mexican
35576,italian
8658,french
25043,chinese
16852,french
16854,mexican
16855,thai
24655,italian
8668,indian
42297,italian
20560,southern_us
25059,italian
41073,moroccan
49640,korean
489,thai
33937,chinese
37933,cajun_creole
33264,southern_us
41460,italian
8695,chinese
25084,chinese
511,korean
6912,vietnamese
16900,italian
16901,italian
8710,southern_us
31489,vietnamese
16904,chinese
21567,french
25100,italian
525,italian
527,japanese
16912,mexican
4184,indian
47875,japanese
33300,french
33302,italian
25113,italian
538,mexican
8731,indian
33309,french
8734,french
23296,korean
20571,italian
16933,chinese
41515,thai
25132,mexican
8749,southern_us
16942,cajun_creole
8751,french
47880,korean
25138,indian
49715,mexican
565,korean
41527,thai
569,russian
16954,mexican
573,mexican
41630,cajun_creole
41537,greek
16962,korean
579,cajun_creole
48886,southern_us
16966,chinese
44210,mexican
585,southern_us
587,southern_us
33358,moroccan
25169,filipino
40539,southern_us
16980,mexican
25173,mexican
41559,mexican
25176,italian
41563,southern_us
34234,southern_us
606,korean
16991,southern_us
1384,indian
33384,cajun_creole
8812,southern_us
25198,thai
49614,italian
17008,southern_us
45160,italian
44757,mexican
27411,thai
17014,mexican
32873,chinese
633,indian
8826,russian
41598,southern_us
41599,cajun_creole
17025,spanish
27845,mexican
643,french
8836,moroccan
8838,brazilian
8845,italian
17040,indian
23320,french
25235,indian
25237,mexican
41622,filipino
41625,mexican
27446,italian
25244,italian
33437,mexican
33438,chinese
41631,british
23323,greek
676,brazilian
33447,british
33448,indian
8873,italian
8874,mexican
685,french
25262,chinese
688,mexican
33457,mexican
694,russian
8888,southern_us
43807,mexican
33468,thai
42442,spanish
41662,french
705,italian
708,southern_us
8903,greek
712,chinese
45175,thai
716,mexican
25293,southern_us
8912,chinese
20600,brazilian
723,moroccan
8919,mexican
25306,british
21967,italian
732,thai
33503,vietnamese
49671,mexican
25321,mexican
26212,irish
41715,vietnamese
25332,korean
762,chinese
20607,french
767,korean
8963,french
21974,italian
44741,japanese
33544,mexican
777,mexican
778,chinese
42455,korean
41091,thai
44632,korean
789,mexican
8983,indian
33560,chinese
25371,mexican
17182,mexican
47960,french
38249,italian
41762,french
17190,cajun_creole
807,chinese
809,italian
17194,french
12423,spanish
33582,chinese
41776,italian
817,italian
41779,chinese
17206,british
823,italian
824,filipino
41786,greek
828,italian
33598,french
11061,brazilian
832,thai
25409,indian
33602,thai
17221,mexican
9030,italian
25416,vietnamese
41804,chinese
41805,brazilian
33614,british
37672,southern_us
32762,mexican
33624,mexican
38218,british
33629,southern_us
23355,italian
17253,japanese
9062,italian
17256,mexican
17263,mexican
41841,japanese
17271,chinese
33661,italian
47453,moroccan
27456,moroccan
17283,southern_us
25477,mexican
17286,greek
36731,mexican
41864,italian
41865,russian
17290,italian
20631,italian
25484,indian
9101,italian
33682,spanish
42478,italian
39748,cajun_creole
33691,japanese
924,cajun_creole
9117,russian
926,japanese
31557,brazilian
41890,mexican
41891,mexican
17317,italian
9126,southern_us
32924,greek
939,chinese
36584,chinese
9134,indian
17330,italian
41907,cajun_creole
948,italian
33718,moroccan
33719,southern_us
25529,italian
12447,cajun_creole
24611,italian
46132,british
33728,chinese
32928,japanese
40131,italian
47948,cajun_creole
17354,indian
17358,mexican
25551,southern_us
25554,cajun_creole
23374,japanese
25560,thai
9177,thai
9178,southern_us
25563,southern_us
989,italian
9182,italian
33759,italian
41952,indian
33761,chinese
33763,indian
35665,japanese
33770,cajun_creole
25581,italian
41966,italian
9200,southern_us
9201,indian
25586,mexican
33780,chinese
1534,indian
25590,southern_us
47956,mexican
9212,french
49680,thai
17406,thai
17408,italian
33793,french
25604,italian
46593,southern_us
17416,mexican
1038,mexican
25617,indian
9236,thai
42005,russian
9246,french
33824,italian
17442,southern_us
1061,thai
25639,greek
1064,cajun_creole
33834,mexican
42030,italian
17456,chinese
1073,southern_us
9266,indian
9268,french
9274,indian
1083,french
9278,southern_us
17471,korean
33856,chinese
25666,jamaican
42052,french
182,french
25673,thai
42059,italian
17485,italian
42062,italian
25679,italian
33874,greek
1108,cajun_creole
17934,italian
9302,cajun_creole
9304,filipino
17498,japanese
42075,moroccan
49338,italian
17502,italian
1119,french
1120,spanish
17506,thai
1125,mexican
42091,spanish
1132,italian
49684,korean
1139,mexican
17526,southern_us
9336,thai
42107,thai
9341,indian
22037,british
25728,spanish
42113,greek
23403,indian
9350,cajun_creole
25736,chinese
39788,southern_us
9361,mexican
25747,indian
42132,filipino
9365,cajun_creole
25753,southern_us
25756,mexican
17565,french
33950,italian
1184,chinese
23409,thai
17576,italian
42153,irish
17581,cajun_creole
34333,indian
17585,chinese
25778,french
1203,indian
33972,cajun_creole
1205,southern_us
28873,italian
33983,french
33985,italian
17602,thai
17604,chinese
9413,mexican
9418,greek
7031,indian
42188,indian
9422,mexican
17617,indian
34002,filipino
25815,mexican
17627,cajun_creole
42204,chinese
47994,russian
9438,vietnamese
23419,mexican
34020,cajun_creole
34021,jamaican
1255,mexican
9448,indian
25833,southern_us
1259,vietnamese
9452,japanese
9453,mexican
17646,italian
9457,cajun_creole
9458,thai
8403,chinese
34036,korean
42229,british
1270,indian
17656,japanese
25849,mexican
25850,southern_us
21865,southern_us
1280,southern_us
17665,greek
9476,cajun_creole
42245,italian
34055,greek
1289,mexican
34959,french
42253,cajun_creole
1295,vietnamese
25873,southern_us
42259,thai
25876,russian
34141,french
17687,southern_us
9498,italian
1307,chinese
16602,mexican
42270,russian
9506,italian
42279,french
9513,italian
1322,greek
1324,french
25907,chinese
17716,irish
39180,cajun_creole
34102,indian
15241,thai
17721,italian
25914,thai
32991,mexican
9532,cajun_creole
17725,italian
9534,italian
42549,indian
37143,british
224,italian
42310,italian
17737,indian
1354,thai
25932,southern_us
12514,mexican
9550,mexican
17745,mexican
9558,southern_us
17752,japanese
42330,chinese
25948,mexican
9565,spanish
31143,italian
9567,italian
1377,french
9570,indian
17763,british
9573,italian
9576,italian
1385,french
34160,mexican
42354,mexican
34166,southern_us
25975,italian
25977,mexican
17786,thai
42364,indian
25981,mexican
1414,thai
9607,southern_us
25992,french
1417,cajun_creole
9610,mexican
9613,italian
1423,indian
42384,italian
9619,southern_us
43147,indian
1429,thai
9624,mexican
26180,mexican
26011,italian
26013,chinese
26181,italian
39835,french
17831,southern_us
34216,brazilian
17833,italian
1451,thai
17836,greek
34221,mexican
1454,chinese
27549,italian
17843,greek
42420,southern_us
17845,southern_us
26041,thai
17850,indian
9663,british
1475,russian
34244,french
48033,french
35238,greek
17865,filipino
1482,korean
34252,thai
35784,southern_us
30286,italian
26071,chinese
28419,spanish
42459,french
17886,mexican
17889,korean
9699,spanish
1508,southern_us
42471,indian
34280,british
1513,korean
9707,mexican
9710,italian
1519,mexican
26098,mexican
34294,brazilian
17911,italian
17912,cajun_creole
1530,italian
20735,thai
9726,italian
26112,southern_us
34310,southern_us
9735,japanese
17930,mexican
1550,mexican
26127,irish
34322,italian
34323,french
1556,thai
42585,italian
34328,thai
42521,italian
5722,italian
9758,mexican
42527,mexican
1569,chinese
1570,french
17955,irish
1572,korean
1573,italian
34343,jamaican
9768,japanese
46684,southern_us
9771,russian
34348,moroccan
9773,italian
17971,mexican
34356,italian
39817,japanese
9782,french
33033,thai
17978,mexican
1599,mexican
9792,italian
17988,greek
17989,russian
1607,chinese
34376,italian
42570,irish
35788,chinese
9805,chinese
37133,indian
9809,cajun_creole
9811,cajun_creole
26197,british
34390,cajun_creole
1623,british
9816,mexican
18009,russian
1627,british
36607,italian
1632,indian
9825,mexican
1634,russian
1636,mexican
22118,french
18026,chinese
9837,southern_us
43965,italian
18032,korean
26226,thai
1653,mexican
9848,mexican
1658,korean
23487,french
39063,chinese
34431,french
42624,filipino
42625,filipino
26244,korean
26245,vietnamese
34438,italian
9863,greek
9867,southern_us
1676,french
48066,moroccan
18063,mexican
9872,italian
9876,italian
9880,italian
34457,thai
42650,italian
42651,cajun_creole
1692,british
18078,thai
42655,vietnamese
26224,italian
26274,italian
49435,british
34470,indian
22129,italian
9900,italian
42669,southern_us
42670,thai
11208,indian
48885,korean
9910,british
9911,indian
42680,mexican
1721,cajun_creole
45343,italian
9917,french
34494,french
18111,southern_us
24335,thai
26309,indian
1735,thai
9928,french
19404,thai
26314,italian
1740,italian
24881,italian
42703,mexican
1656,southern_us
12580,french
41794,mexican
1757,chinese
9951,french
1766,mexican
34536,french
9961,thai
18155,cajun_creole
11218,cajun_creole
18159,italian
9968,vietnamese
9970,mexican
18163,mexican
49561,russian
1784,mexican
42745,mexican
18174,italian
25701,cajun_creole
41676,italian
1795,spanish
31702,indian
34566,italian
26377,mexican
18186,vietnamese
11223,southern_us
1808,italian
18193,russian
19155,cajun_creole
26391,greek
26392,thai
18209,russian
18210,indian
34596,greek
10021,indian
8497,chinese
26408,indian
34602,spanish
34603,thai
34607,cajun_creole
1843,jamaican
26420,spanish
34614,mexican
18232,thai
26429,mexican
45365,mexican
10048,italian
10052,irish
34629,southern_us
10057,indian
1866,southern_us
1868,greek
27618,mexican
26447,italian
26450,jamaican
39907,italian
42838,mexican
45369,southern_us
10072,italian
42841,russian
26459,korean
10077,brazilian
19429,indian
18273,mexican
26466,thai
45371,mexican
10084,brazilian
42857,indian
34666,spanish
1900,mexican
10096,french
10097,british
42866,mexican
18292,mexican
1909,mexican
18297,filipino
18299,french
18300,french
26493,korean
18305,chinese
18309,italian
10118,japanese
46266,italian
34704,french
18322,japanese
1939,mexican
26517,southern_us
34711,thai
1944,italian
34713,thai
10138,southern_us
26523,mexican
1948,indian
46746,italian
8517,italian
1952,southern_us
10147,spanish
18341,southern_us
35825,italian
1960,indian
18345,italian
40437,vietnamese
10157,mexican
10159,thai
42932,mexican
34741,southern_us
10166,mexican
41289,italian
10170,italian
23525,mexican
1981,mexican
18366,french
1985,southern_us
34754,thai
1987,italian
18372,chinese
10181,mexican
26273,jamaican
34760,mexican
18377,southern_us
34762,brazilian
26571,thai
42957,mexican
26575,french
48349,mexican
10196,southern_us
20814,japanese
26584,southern_us
42969,moroccan
11258,jamaican
34783,french
10209,italian
18402,italian
39931,chinese
10212,british
10213,chinese
34790,greek
42983,thai
2031,cajun_creole
26608,japanese
38568,southern_us
34803,southern_us
26613,brazilian
34809,mexican
26620,southern_us
18431,italian
26627,british
2052,southern_us
18442,mexican
43019,mexican
34828,southern_us
2063,southern_us
43027,cajun_creole
39895,vietnamese
34839,thai
18457,vietnamese
2075,cajun_creole
2078,french
35845,mexican
18465,italian
18466,indian
2083,italian
2084,italian
26661,thai
10279,italian
49500,indian
2090,italian
2092,brazilian
18479,cajun_creole
35848,mexican
2099,indian
18484,chinese
18619,italian
34870,indian
34872,mexican
34873,thai
43069,mexican
30349,japanese
26692,chinese
10309,thai
18503,french
10317,thai
34714,southern_us
10321,spanish
39897,mexican
2131,cajun_creole
2133,mexican
10326,thai
18519,southern_us
2136,french
26715,korean
26717,cajun_creole
42898,french
49509,italian
2146,mexican
34916,greek
18540,french
2163,irish
2164,french
42686,brazilian
26743,italian
39956,italian
32806,french
34940,italian
20842,irish
2174,cajun_creole
37227,italian
23574,thai
43142,mexican
34951,french
2184,indian
2187,italian
44314,cajun_creole
10383,chinese
18576,greek
44056,southern_us
26773,thai
18582,italian
34967,spanish
10393,mexican
34970,brazilian
18018,greek
10399,chinese
34977,southern_us
18595,southern_us
34980,southern_us
48356,spanish
36081,vietnamese
18607,greek
2224,southern_us
2226,italian
10421,thai
47811,italian
2231,mexican
2232,indian
10427,jamaican
2237,thai
10431,french
2243,indian
18628,italian
26828,italian
26832,thai
10451,thai
26837,chinese
26842,italian
2268,mexican
43230,italian
44069,italian
26850,mexican
43237,southern_us
38538,cajun_creole
10471,japanese
2280,russian
37244,italian
10474,italian
7207,indian
2284,chinese
10478,thai
38368,chinese
35060,mexican
26869,chinese
2295,japanese
10489,mexican
35066,thai
30628,jamaican
35068,french
19328,italian
18686,thai
18688,italian
35074,russian
48171,korean
10505,chinese
2314,cajun_creole
2316,mexican
2317,chinese
10510,chinese
26896,moroccan
44078,chinese
42713,italian
2329,italian
35099,southern_us
43296,moroccan
26913,indian
26919,chinese
24967,thai
48178,spanish
18736,brazilian
34495,french
20873,french
35128,southern_us
10553,southern_us
26938,mexican
1759,cajun_creole
10556,mexican
18749,french
26943,mexican
10560,japanese
18755,southern_us
10565,cajun_creole
18761,spanish
18762,mexican
44087,italian
2380,mexican
26957,chinese
26963,italian
26964,chinese
43350,japanese
35160,japanese
43354,cajun_creole
45456,cajun_creole
10594,chinese
2404,southern_us
2406,thai
26986,mexican
49554,southern_us
10606,southern_us
26992,brazilian
10609,mexican
2419,chinese
26997,indian
10616,italian
10618,mexican
2427,italian
35196,mexican
2429,greek
18816,chinese
35203,french
10629,jamaican
18823,mexican
35914,moroccan
35209,mexican
43403,italian
35543,greek
2447,french
10640,korean
2450,mexican
18836,cajun_creole
27031,chinese
35224,thai
10649,indian
27034,irish
43422,indian
2464,french
27043,italian
18854,italian
2471,southern_us
10665,indian
2474,greek
35911,southern_us
18862,thai
18866,french
2483,indian
27062,italian
27063,italian
35258,vietnamese
37279,british
2492,thai
10685,mexican
35262,italian
38646,thai
27078,thai
43463,italian
18888,british
48093,french
27083,southern_us
8610,mexican
10703,cajun_creole
18897,italian
45475,italian
35918,mexican
27095,indian
27096,chinese
27727,italian
2526,cajun_creole
3152,mexican
43491,chinese
10724,indian
31825,southern_us
35306,southern_us
43500,indian
35922,mexican
10734,indian
27119,italian
35313,southern_us
2547,french
18932,mexican
46846,thai
10743,italian
10745,italian
2554,japanese
42639,chinese
10749,japanese
35326,mexican
18943,mexican
49579,korean
43525,british
18954,italian
18955,italian
43533,japanese
27151,indian
18960,italian
35345,chinese
46851,mexican
2580,mexican
35929,mexican
18971,spanish
18980,cajun_creole
18982,mexican
18986,mexican
18988,vietnamese
27182,italian
2608,french
18995,indian
43574,french
34569,thai
19001,mexican
35387,french
41550,mexican
27198,mexican
27199,jamaican
46733,french
27201,chinese
19016,mexican
2633,french
35402,italian
27214,italian
19555,mexican
35412,italian
27221,italian
43610,filipino
19035,moroccan
35421,mexican
10848,italian
19041,cajun_creole
49595,british
26385,italian
19048,southern_us
2669,italian
10863,italian
27248,cajun_creole
35442,southern_us
43932,southern_us
2676,cajun_creole
41406,southern_us
19062,russian
10871,thai
19066,indian
35451,british
2684,italian
2685,mexican
10878,mexican
2688,mexican
35461,thai
46871,spanish
19084,mexican
10896,mexican
43666,indian
43668,french
27286,cajun_creole
2711,italian
19097,cajun_creole
43675,french
2716,irish
2718,mexican
19103,spanish
27300,italian
38553,southern_us
19115,indian
35502,mexican
27311,korean
31859,southern_us
2740,russian
10933,chinese
19128,italian
43708,indian
2749,thai
10942,british
2751,jamaican
47482,japanese
34735,spanish
27334,italian
2766,thai
27343,chinese
19152,italian
27346,japanese
2771,french
27349,indian
2774,indian
19159,mexican
43739,indian
27356,mexican
27359,italian
27362,moroccan
10980,mexican
2789,mexican
10983,korean
35563,spanish
35565,greek
37331,french
5929,mexican
27384,italian
49467,vietnamese
19195,japanese
2812,korean
35581,cajun_creole
28463,italian
19202,italian
11011,italian
27396,italian
35589,indian
11014,mexican
2823,thai
11016,southern_us
19209,indian
11018,thai
34880,french
2828,spanish
35597,italian
35598,cajun_creole
3203,thai
43991,southern_us
19228,chinese
22114,southern_us
11040,southern_us
11041,brazilian
27427,indian
11045,spanish
11046,southern_us
41918,thai
11053,chinese
43822,french
19247,korean
11056,mexican
47732,southern_us
43827,mexican
2869,moroccan
2870,irish
27449,mexican
27450,chinese
19259,russian
31607,indian
2880,korean
2881,italian
19266,italian
19271,mexican
47592,italian
11083,mexican
26424,japanese
33251,italian
35670,italian
43863,mexican
31887,british
45541,korean
48549,southern_us
11106,chinese
43875,thai
35685,brazilian
27494,french
35687,italian
11112,mexican
34195,thai
35695,french
27505,chinese
28194,thai
2933,southern_us
27510,french
19320,mexican
27514,greek
5951,indian
19326,filipino
2944,indian
35713,southern_us
43906,french
19331,italian
27525,thai
43910,french
2954,filipino
35991,greek
47664,italian
11151,mexican
19344,chinese
11154,mexican
19347,greek
2964,mexican
37197,chinese
22340,italian
35740,mexican
11165,southern_us
47563,mexican
35746,mexican
2981,italian
27560,korean
35753,italian
35754,indian
35755,spanish
2990,italian
11183,indian
35760,greek
35834,indian
35762,french
12787,cajun_creole
2996,italian
27573,italian
2999,greek
3001,indian
11197,jamaican
37365,brazilian
19392,mexican
3009,greek
27589,spanish
19398,mexican
3015,italian
3016,indian
49655,southern_us
3020,korean
11213,mexican
34637,mexican
3026,indian
43987,italian
3029,southern_us
3031,french
43992,chinese
22469,greek
35809,brazilian
19426,greek
3045,mexican
19430,brazilian
11239,korean
26589,french
44013,thai
27630,mexican
27632,japanese
27633,italian
19443,italian
35830,cajun_creole
36009,cajun_creole
3064,southern_us
3066,italian
16895,spanish
27644,indian
3070,british
27647,southern_us
35841,mexican
35843,indian
27653,spanish
27656,cajun_creole
35850,chinese
44048,italian
19473,italian
3090,vietnamese
3091,italian
43829,cajun_creole
48302,italian
3094,french
11288,southern_us
42657,cajun_creole
27674,thai
35867,indian
19487,spanish
11297,french
44066,british
46939,southern_us
19492,mexican
25094,filipino
19494,russian
27690,indian
33287,indian
11309,brazilian
11310,spanish
19503,southern_us
44080,british
11314,mexican
36019,cajun_creole
3124,thai
11318,southern_us
25097,french
27704,indian
19517,indian
11326,southern_us
27829,russian
11328,cajun_creole
35908,spanish
22369,vietnamese
19530,southern_us
11342,chinese
25101,italian
11344,thai
44113,spanish
19538,vietnamese
38755,japanese
44116,thai
48313,cajun_creole
35928,italian
27737,vietnamese
32839,japanese
16911,brazilian
35932,italian
11358,british
35936,thai
27745,southern_us
11363,mexican
27748,mexican
35941,southern_us
35947,mexican
44140,greek
44144,indian
46953,brazilian
35960,mexican
35961,southern_us
23743,mexican
45589,southern_us
11392,french
19585,italian
11395,thai
44164,italian
11400,italian
3209,cajun_creole
44176,southern_us
19601,mexican
35986,greek
35987,mexican
3220,mexican
44181,italian
33305,russian
27801,japanese
19611,italian
35996,thai
49690,greek
11423,french
19618,indian
25115,mexican
19620,indian
19624,italian
3241,southern_us
46208,french
38843,mexican
36015,vietnamese
19634,southern_us
3251,italian
36020,jamaican
16926,mexican
19641,chinese
11450,mexican
44220,italian
36029,indian
27838,cajun_creole
11458,southern_us
11460,cajun_creole
3269,southern_us
44230,mexican
19655,russian
11465,japanese
44237,brazilian
27855,indian
11472,japanese
3281,moroccan
3282,italian
11475,italian
44244,italian
19670,french
19678,british
3296,french
11489,moroccan
27874,indian
27877,italian
36070,mexican
11499,french
19666,brazilian
36078,british
42877,cajun_creole
27888,cajun_creole
19697,cajun_creole
3315,french
11508,korean
19704,southern_us
3323,french
3324,chinese
48341,cajun_creole
3329,cajun_creole
48666,indian
34689,southern_us
11529,mexican
44303,jamaican
36113,japanese
44306,spanish
3352,irish
11546,french
19739,russian
27932,chinese
36125,italian
19743,indian
27937,thai
27938,greek
44324,greek
19749,italian
19750,brazilian
11560,italian
3369,korean
44334,southern_us
46758,japanese
27952,chinese
36146,cajun_creole
44341,mexican
27958,indian
11576,jamaican
35444,korean
3387,british
25882,mexican
38794,southern_us
19777,italian
3397,mexican
44358,mexican
44359,southern_us
11593,french
19788,southern_us
11597,italian
19792,southern_us
46990,indian
16953,southern_us
36185,southern_us
19804,mexican
11613,mexican
28000,mexican
19810,indian
36195,japanese
45396,southern_us
36205,cajun_creole
19823,russian
28016,moroccan
19827,indian
44405,greek
28026,mexican
36220,chinese
36222,filipino
44415,cajun_creole
45632,italian
11652,mexican
28041,filipino
11658,southern_us
46999,thai
11661,italian
44430,italian
27885,italian
28048,thai
34712,chinese
28052,moroccan
11670,indian
48671,indian
36249,southern_us
27394,southern_us
3483,spanish
26522,spanish
33941,indian
3489,british
19875,russian
19876,italian
28069,thai
11686,thai
31985,indian
36264,cajun_creole
44460,greek
3502,chinese
36272,thai
3506,southern_us
11507,indian
44470,french
44471,italian
28088,italian
44473,italian
3514,italian
44478,italian
28096,mexican
16971,indian
3529,mexican
11722,jamaican
19917,japanese
40995,mexican
27123,italian
3537,mexican
3541,italian
11735,southern_us
11736,french
3545,korean
44506,mexican
11739,french
19935,italian
44514,italian
44515,mexican
19940,british
3557,southern_us
3560,southern_us
3561,british
19949,mexican
19950,southern_us
36335,italian
36339,southern_us
28148,southern_us
48382,brazilian
11767,mexican
44536,italian
19961,indian
44037,italian
44542,japanese
3583,italian
19969,french
36354,japanese
47019,thai
28171,greek
3596,vietnamese
32002,italian
34763,italian
19983,indian
3600,filipino
44568,spanish
44569,korean
26543,filipino
44572,southern_us
19999,mexican
11808,mexican
44577,korean
11810,southern_us
44579,southern_us
11812,greek
28198,mexican
11817,mexican
44295,mexican
20015,mexican
36401,vietnamese
3635,russian
20028,mexican
44160,italian
20035,british
44612,mexican
42934,southern_us
11849,cajun_creole
28234,italian
3661,indian
44622,thai
45667,southern_us
36438,russian
11864,italian
45668,southern_us
44636,italian
18362,korean
28258,southern_us
11875,indian
44644,italian
6076,italian
20076,italian
11885,vietnamese
11887,mexican
28272,southern_us
41576,mexican
20082,vietnamese
44659,mexican
42942,italian
36470,french
20089,southern_us
28282,indian
44672,mexican
44673,southern_us
36484,indian
41580,italian
28298,indian
28299,italian
20108,french
3725,mexican
20111,southern_us
23832,chinese
28308,italian
3734,french
37723,irish
28313,indian
3741,mexican
3743,japanese
36513,thai
11943,indian
11944,chinese
28329,italian
47589,french
35650,cajun_creole
37769,italian
20150,french
46323,italian
27935,italian
30667,cajun_creole
28356,southern_us
11973,french
28362,indian
28365,mexican
36558,japanese
44751,french
28368,korean
11985,spanish
40227,mexican
11988,indian
11989,moroccan
28375,southern_us
41594,moroccan
36577,mexican
20200,spanish
3818,indian
12014,brazilian
19752,southern_us
12018,mexican
44788,filipino
12022,italian
27945,thai
12024,cajun_creole
44794,cajun_creole
3835,greek
44796,indian
28414,greek
34773,chinese
12034,southern_us
12035,italian
28420,italian
44805,cajun_creole
3846,southern_us
3847,spanish
28425,italian
28426,mexican
20235,cajun_creole
3856,italian
36627,cajun_creole
34505,chinese
3861,indian
28440,french
36635,mexican
12060,indian
28448,thai
32048,cajun_creole
28450,japanese
30683,southern_us
20264,cajun_creole
38876,british
20266,mexican
36653,italian
3886,french
12079,southern_us
12080,korean
28466,mexican
20275,italian
44853,french
28470,southern_us
20280,british
3897,southern_us
47071,italian
28477,french
20287,chinese
12097,cajun_creole
3909,indian
44870,thai
3912,jamaican
20297,vietnamese
12106,korean
12111,russian
44883,mexican
3928,italian
20315,mexican
3932,italian
20318,chinese
44897,mexican
28514,brazilian
20326,brazilian
3943,chinese
36715,indian
12140,indian
20333,mexican
20340,cajun_creole
42413,chinese
12155,italian
47338,thai
3969,indian
35321,thai
20357,italian
12169,cajun_creole
20362,italian
20363,southern_us
28557,italian
44946,japanese
22228,japanese
20373,french
36764,korean
27973,greek
28576,indian
12193,mexican
12194,chinese
12195,chinese
36772,moroccan
20389,french
28583,southern_us
28585,greek
24669,mexican
41629,korean
4016,southern_us
44977,french
4019,french
36789,cajun_creole
36791,filipino
38900,indian
38869,brazilian
28603,cajun_creole
4029,indian
20414,italian
36687,moroccan
35596,thai
28618,italian
36811,french
36813,mexican
20432,southern_us
4049,mexican
28626,southern_us
33443,greek
23886,mexican
36822,moroccan
33444,cajun_creole
12252,cajun_creole
36829,thai
28640,southern_us
28647,italian
12264,italian
34812,indian
41639,french
36847,mexican
12272,indian
41640,french
12274,thai
32083,mexican
20468,chinese
20470,mexican
4090,southern_us
34815,chinese
4092,chinese
25258,indian
12287,indian
12288,southern_us
28674,southern_us
4099,greek
12292,thai
15702,thai
30721,mexican
39690,italian
47106,indian
36144,italian
36881,french
4117,chinese
36886,southern_us
32089,chinese
25233,french
22532,thai
12314,southern_us
20507,korean
20510,cajun_creole
4128,southern_us
28708,italian
20517,italian
45095,thai
20520,mexican
4139,brazilian
45100,mexican
4143,mexican
12336,chinese
36914,indian
28724,italian
36917,chinese
20534,french
36920,indian
4154,mexican
36923,irish
20541,southern_us
43238,french
26476,italian
12357,mexican
36937,vietnamese
28746,italian
36194,thai
4175,mexican
12368,southern_us
28753,mexican
48967,southern_us
4179,mexican
36951,brazilian
12376,vietnamese
32100,greek
36954,british
10255,southern_us
45149,indian
36961,french
20578,jamaican
37563,french
28772,italian
43018,indian
36968,mexican
28777,italian
33692,cajun_creole
36981,greek
28791,chinese
12408,irish
31783,thai
20602,southern_us
12415,mexican
36995,french
12420,mexican
4231,greek
28810,indian
45196,italian
4237,chinese
37007,french
20624,italian
45204,french
37013,indian
4247,indian
45208,vietnamese
4251,italian
37020,indian
4255,mexican
37025,italian
28834,italian
20643,italian
20645,mexican
20647,italian
43787,japanese
41671,mexican
12460,italian
28847,chinese
17096,chinese
20662,italian
4279,mexican
43242,mexican
45242,italian
12476,cajun_creole
20669,mexican
37056,southern_us
12481,italian
37058,southern_us
45254,indian
26657,greek
25292,cajun_creole
45260,italian
12493,mexican
12498,french
34851,chinese
45269,mexican
4311,indian
4312,russian
18468,chinese
20875,mexican
20701,italian
37086,greek
43045,indian
4320,cajun_creole
4322,moroccan
12515,southern_us
12519,thai
4328,chinese
37102,french
4336,brazilian
37105,italian
20724,thai
37110,mexican
12535,chinese
20729,southern_us
20732,indian
12543,thai
20736,thai
37123,mexican
28933,italian
31515,thai
34860,cajun_creole
20749,southern_us
45329,mexican
20756,mexican
37141,french
28951,thai
3460,filipino
47151,moroccan
12574,korean
20767,mexican
4385,french
4388,mexican
29466,brazilian
12589,jamaican
28975,spanish
4401,italian
4402,moroccan
28979,thai
20788,southern_us
36351,korean
28985,chinese
4410,mexican
13023,indian
20798,greek
4416,mexican
20810,mexican
44338,chinese
42965,greek
20813,french
4430,italian
36237,indian
37204,mexican
37208,southern_us
20827,british
45404,french
4446,korean
37216,southern_us
29030,french
12650,chinese
20843,mexican
29036,indian
4461,southern_us
37232,russian
29045,italian
29882,japanese
12665,chinese
20859,chinese
20860,italian
12671,southern_us
4481,southern_us
37251,british
12676,chinese
37253,italian
25518,italian
29064,chinese
12681,mexican
4491,moroccan
41894,southern_us
29072,southern_us
45459,italian
45461,southern_us
30788,greek
29083,thai
36250,french
26693,italian
4514,chinese
44443,mexican
37285,mexican
37287,russian
29099,vietnamese
45484,mexican
12717,mexican
45490,greek
20917,indian
29111,french
29112,chinese
20924,southern_us
29117,cajun_creole
4543,southern_us
38068,russian
20932,cajun_creole
12741,mexican
28065,mexican
12744,indian
4553,spanish
29431,indian
12750,chinese
18509,southern_us
37328,irish
4561,mexican
36259,indian
12756,spanish
44452,greek
37341,indian
12767,southern_us
12768,british
29153,chinese
29154,southern_us
12771,vietnamese
20964,british
29157,italian
4583,indian
29161,cajun_creole
37354,mexican
29165,mexican
4591,indian
4594,southern_us
4595,indian
12789,cajun_creole
20982,mexican
20985,mexican
39161,chinese
37372,chinese
29184,french
37378,mexican
20998,brazilian
20999,cajun_creole
29192,italian
29194,indian
34903,mexican
29197,french
12815,italian
10328,indian
37396,chinese
36270,cajun_creole
4633,italian
29211,mexican
4651,mexican
39005,thai
4657,chinese
28083,thai
45624,mexican
45625,indian
12859,thai
21053,italian
45631,moroccan
29248,moroccan
34074,chinese
12870,mexican
12871,mexican
45642,spanish
4683,french
24979,filipino
4685,french
4686,spanish
21071,french
37461,indian
29270,italian
12887,vietnamese
12890,korean
4700,mexican
4703,mexican
12896,thai
37475,japanese
37476,thai
45670,russian
37481,italian
4721,spanish
45843,french
29304,mexican
21113,southern_us
12923,southern_us
4732,southern_us
41749,italian
45701,italian
12936,thai
46424,italian
45706,korean
29323,mexican
39021,thai
37521,southern_us
12946,filipino
29333,japanese
37526,cajun_creole
21143,japanese
4763,italian
21149,mexican
45986,italian
21153,french
29346,french
29348,chinese
29349,mexican
12967,japanese
29352,indian
4777,cajun_creole
27710,mexican
21166,cajun_creole
45746,thai
38221,moroccan
26892,southern_us
4791,mexican
45752,southern_us
6260,chinese
4794,spanish
35894,mexican
45756,indian
21181,indian
47221,vietnamese
29376,mexican
4801,southern_us
45762,italian
39363,cajun_creole
29381,italian
47624,indian
4808,spanish
37581,french
37583,southern_us
4819,russian
26893,irish
37589,italian
13018,indian
40399,italian
13021,cajun_creole
4831,filipino
42313,southern_us
29409,mexican
45795,french
37605,italian
4838,italian
13032,italian
43132,mexican
21227,british
13036,chinese
21229,spanish
26749,southern_us
21232,spanish
21288,mexican
13046,spanish
4855,italian
4856,italian
39715,thai
13050,italian
13051,mexican
13053,french
4864,korean
21249,southern_us
29443,southern_us
23894,mexican
45829,brazilian
4870,thai
21255,southern_us
45832,italian
25531,chinese
21262,french
21265,mexican
22659,italian
13077,spanish
29462,japanese
27365,mexican
34949,french
13088,italian
37666,southern_us
29476,greek
29477,italian
33585,italian
4904,mexican
29481,italian
29482,southern_us
4907,indian
41899,cajun_creole
21296,brazilian
45874,thai
45875,french
21300,southern_us
21302,russian
37690,southern_us
4924,mexican
47242,italian
29503,southern_us
4928,italian
48608,mexican
29506,thai
13123,italian
21316,indian
4933,indian
13127,chinese
37706,mexican
17207,thai
13134,italian
4948,indian
13142,cajun_creole
44516,cajun_creole
37722,mexican
18575,cajun_creole
4956,mexican
13151,mexican
45447,french
4966,mexican
45927,spanish
13160,indian
45929,japanese
29547,mexican
4972,italian
13165,cajun_creole
21361,italian
21362,french
45942,french
29559,thai
13178,indian
4987,indian
45950,russian
44084,korean
4994,indian
29572,italian
21381,indian
41793,french
29577,jamaican
30871,russian
21389,italian
45966,japanese
44525,moroccan
5008,southern_us
13204,italian
18585,cajun_creole
5016,korean
21401,mexican
21403,cajun_creole
45981,southern_us
5022,thai
13125,southern_us
5024,russian
21409,italian
5026,mexican
34971,thai
21419,italian
45999,italian
24051,french
21430,italian
37815,vietnamese
46008,indian
36340,french
34975,mexican
26628,mexican
24053,japanese
5056,southern_us
21443,indian
37829,indian
29639,southern_us
13256,thai
13258,southern_us
46028,italian
13261,cajun_creole
21455,mexican
47061,korean
39075,greek
5076,korean
46037,spanish
13270,french
43172,chinese
31949,french
41807,french
5088,vietnamese
21477,mexican
5094,russian
13288,cajun_creole
37865,thai
37867,brazilian
13292,southern_us
13294,spanish
21487,french
29682,irish
13300,italian
5110,indian
18992,japanese
46072,japanese
5113,mexican
13306,korean
28159,italian
39082,italian
5118,indian
37887,french
46084,southern_us
37718,mexican
5127,italian
29704,chinese
37897,french
29706,mexican
39085,french
46097,filipino
37906,french
29716,thai
5141,indian
21527,japanese
34991,indian
5150,brazilian
32261,thai
46113,cajun_creole
13347,mexican
48454,italian
37925,japanese
45908,southern_us
34994,chinese
29742,italian
46128,cajun_creole
5172,italian
47909,italian
13366,cajun_creole
35223,mexican
29752,cajun_creole
13370,italian
5181,mexican
18613,mexican
21569,mexican
37954,chinese
47771,italian
29764,mexican
30902,russian
29766,italian
5195,thai
18616,korean
5203,indian
36366,spanish
45924,french
46171,cajun_creole
13409,chinese
5219,indian
13414,italian
46186,indian
21612,mexican
872,irish
46195,italian
5239,chinese
49548,southern_us
38014,indian
13439,indian
5248,cajun_creole
29833,italian
36642,southern_us
21646,mexican
21647,chinese
5264,indian
5265,italian
13458,mexican
46228,italian
13462,irish
21656,italian
38042,indian
46235,japanese
40474,italian
13470,thai
29855,italian
46241,italian
46246,italian
38058,southern_us
5293,indian
46255,chinese
21680,indian
21681,thai
29876,southern_us
29877,southern_us
5306,southern_us
44575,italian
5309,italian
5313,moroccan
29892,cajun_creole
38085,thai
5318,spanish
42731,southern_us
21704,italian
35366,southern_us
21709,japanese
5326,mexican
13523,southern_us
13526,southern_us
5339,southern_us
21724,spanish
46302,indian
29924,indian
5349,spanish
5350,thai
38122,thai
5355,southern_us
21740,thai
40550,mexican
13550,mexican
46321,indian
38130,french
13555,japanese
13557,indian
21750,italian
38136,mexican
5370,southern_us
5372,british
21757,italian
13566,indian
29951,chinese
46336,indian
29953,italian
46339,indian
33665,greek
5386,brazilian
13579,italian
21775,indian
46352,vietnamese
29971,french
29972,indian
21783,spanish
37764,french
38170,mexican
29979,french
37765,indian
21792,southern_us
21793,mexican
29986,southern_us
13604,mexican
29992,japanese
29993,thai
38186,italian
29995,french
20639,italian
28211,thai
38197,cajun_creole
13623,chinese
38200,vietnamese
30010,irish
39135,french
38206,indian
30019,indian
46404,mexican
48191,thai
30026,italian
46412,japanese
13645,italian
46415,mexican
5456,irish
5457,indian
21842,jamaican
46420,chinese
21846,thai
5464,italian
14564,moroccan
30044,mexican
17640,italian
46430,french
38240,french
47919,chinese
5476,french
13669,irish
5479,mexican
46440,irish
13673,chinese
21866,italian
47335,italian
5484,british
30061,french
5486,cajun_creole
38257,southern_us
21876,cajun_creole
5012,southern_us
5499,italian
39146,japanese
5503,chinese
30080,cajun_creole
38273,indian
21890,french
21891,french
21892,indian
21894,cajun_creole
5512,spanish
45136,italian
5516,french
13712,mexican
21906,french
13715,cajun_creole
21909,japanese
5526,thai
13720,italian
13722,cajun_creole
45979,southern_us
47345,french
43518,french
9116,chinese
41554,southern_us
21936,italian
46285,italian
46515,mexican
5556,italian
38117,thai
5560,indian
37791,brazilian
43012,italian
30154,korean
35063,thai
21410,british
20045,southern_us
46545,italian
13778,italian
5588,southern_us
13782,mexican
5591,indian
5592,cajun_creole
30173,cajun_creole
38366,italian
25509,mexican
35648,thai
13797,southern_us
30183,french
13800,korean
38377,mexican
21994,greek
48742,mexican
13807,italian
38385,spanish
22003,southern_us
13813,mexican
30198,french
38392,cajun_creole
17918,french
5628,chinese
46589,indian
46591,thai
46592,mexican
26880,mexican
37803,italian
30216,spanish
46602,indian
5645,mexican
13841,chinese
5652,french
13845,southern_us
46683,italian
5657,southern_us
5660,italian
38430,french
22048,greek
13859,southern_us
22052,mexican
22053,greek
5670,moroccan
46632,chinese
5676,mexican
22064,greek
30258,french
37811,italian
25524,thai
46651,italian
5692,french
26890,filipino
38464,greek
24160,mexican
30276,filipino
5702,chinese
13897,mexican
13900,italian
22094,southern_us
6413,cajun_creole
38481,mexican
22100,italian
13909,british
30294,mexican
5720,thai
22105,thai
13914,chinese
5723,italian
30300,thai
46688,chinese
5730,thai
13923,spanish
30309,greek
5734,mexican
30311,japanese
30314,greek
22124,french
47378,italian
46703,british
13937,mexican
38514,thai
38516,chinese
5749,russian
46710,thai
32361,korean
13945,moroccan
13948,mexican
22141,mexican
38526,indian
38527,italian
38528,mexican
21440,russian
46722,southern_us
13955,french
30343,chinese
38536,italian
5770,korean
13965,italian
30350,cajun_creole
24173,indian
22160,chinese
38546,spanish
22165,italian
5784,southern_us
22169,italian
38555,indian
20079,cajun_creole
46021,jamaican
46755,indian
13990,mexican
5799,indian
13992,japanese
30377,italian
46763,italian
5805,indian
22193,southern_us
38578,indian
38383,cajun_creole
30392,southern_us
22202,irish
41930,brazilian
38594,mexican
30403,mexican
30405,greek
14022,british
14025,jamaican
46794,mexican
22222,mexican
38608,british
38610,indian
5843,indian
5844,french
14038,southern_us
42047,mexican
22234,greek
22235,chinese
38620,thai
46819,spanish
30440,mexican
30445,moroccan
30446,italian
30449,indian
30451,mexican
22261,japanese
14070,thai
22264,french
30457,indian
38650,greek
5886,mexican
22564,thai
22273,southern_us
46569,spanish
5892,italian
47404,greek
30479,greek
22290,italian
30484,italian
14101,mexican
22295,italian
38683,korean
41946,cajun_creole
14110,spanish
46881,italian
30500,cajun_creole
14117,chinese
14121,spanish
38699,korean
30512,italian
48480,mexican
5938,thai
38708,italian
30517,indian
30518,mexican
45321,mexican
37569,southern_us
46910,southern_us
14143,chinese
38720,cajun_creole
22338,mexican
46915,cajun_creole
14148,chinese
14153,mexican
22347,vietnamese
30540,thai
46926,mexican
22351,italian
22353,italian
14163,italian
46936,thai
22363,korean
30556,indian
14174,irish
14176,brazilian
14177,greek
30562,irish
5987,southern_us
29670,vietnamese
46950,italian
14183,southern_us
14185,cajun_creole
5995,cajun_creole
22380,indian
38769,thai
30580,southern_us
38773,southern_us
46057,italian
30584,french
36500,chinese
30589,vietnamese
38782,indian
14208,indian
30594,indian
22403,indian
14212,mexican
14213,thai
14214,jamaican
6024,southern_us
29676,indian
22410,vietnamese
14219,southern_us
49152,vietnamese
22414,greek
22419,indian
6036,french
38805,mexican
49403,british
6039,cajun_creole
47001,italian
14235,indian
14236,italian
6047,spanish
38817,spanish
30626,southern_us
22436,indian
22437,southern_us
47015,japanese
14251,indian
38829,indian
47022,indian
22449,southern_us
30647,french
38840,mexican
22458,southern_us
14267,irish
14268,southern_us
35146,cajun_creole
6084,russian
14277,southern_us
30662,southern_us
6087,greek
22475,thai
6092,southern_us
6093,thai
14291,mexican
47060,russian
22485,greek
38874,mexican
22491,brazilian
6108,mexican
19298,korean
14303,cajun_creole
22499,mexican
38887,chinese
38889,italian
19844,italian
38891,mexican
38894,vietnamese
44712,italian
40303,mexican
22516,southern_us
25598,french
47941,southern_us
14333,indian
22528,french
25846,indian
22530,cajun_creole
6148,italian
42540,indian
38920,brazilian
47113,french
41395,mexican
38927,mexican
43352,southern_us
14358,jamaican
22551,irish
47128,greek
38937,italian
14365,mexican
30750,spanish
47135,indian
6176,southern_us
38945,french
22562,indian
14372,italian
14375,cajun_creole
33758,italian
14377,mexican
30764,southern_us
22575,chinese
14384,mexican
41992,chinese
22580,italian
14389,southern_us
22582,mexican
47162,british
38972,russian
22591,mexican
47168,greek
38977,southern_us
47170,southern_us
6212,cajun_creole
40630,indian
47174,mexican
22604,chinese
30797,jamaican
47182,mexican
38992,italian
30805,italian
24249,french
47460,mexican
47194,vietnamese
6237,italian
22622,thai
6243,russian
26982,jamaican
22576,mexican
39018,southern_us
30827,italian
22637,southern_us
14452,italian
39029,cajun_creole
47225,indian
39036,chinese
47230,chinese
22656,french
47234,vietnamese
6275,italian
14468,mexican
6278,thai
39047,indian
22666,mexican
40642,italian
47246,french
14480,korean
39058,italian
14487,chinese
22681,indian
39066,italian
14495,spanish
22896,italian
30882,indian
14499,italian
22693,mexican
30886,italian
43377,cajun_creole
47272,thai
30890,southern_us
31090,mexican
14515,french
47129,southern_us
6326,italian
6327,mexican
30904,thai
30905,mexican
39098,cajun_creole
22716,southern_us
36218,mexican
14529,korean
22722,italian
14531,mexican
47300,thai
39109,mexican
45493,italian
6346,mexican
14545,thai
32462,british
6359,chinese
14553,cajun_creole
30938,southern_us
30939,french
30941,italian
22751,french
47328,chinese
6369,italian
30946,italian
39139,thai
6372,greek
22758,french
40657,mexican
43388,mexican
22762,japanese
14571,italian
6381,italian
14577,spanish
47346,french
6391,filipino
30969,italian
31103,greek
47358,mexican
3797,thai
35200,cajun_creole
44131,indian
6404,jamaican
39174,japanese
47368,japanese
47369,irish
33484,moroccan
30988,southern_us
14605,korean
30991,french
22800,jamaican
6418,british
40305,southern_us
39191,southern_us
6424,mexican
22814,greek
42032,mexican
22820,southern_us
14630,french
41950,brazilian
14633,italian
31020,cajun_creole
33842,mexican
6446,southern_us
48497,italian
14644,thai
14647,french
6457,british
44888,southern_us
22845,spanish
14655,cajun_creole
22848,british
47426,mexican
6467,indian
39237,greek
14664,greek
22857,mexican
37943,thai
42344,italian
47438,italian
6486,indian
22873,russian
29754,russian
14686,french
14688,vietnamese
6500,vietnamese
6501,mexican
6502,french
31121,southern_us
36600,french
22889,mexican
31082,french
22891,french
39277,southern_us
22895,chinese
6512,southern_us
22897,cajun_creole
6514,mexican
47476,french
48873,mexican
14712,southern_us
14714,spanish
14715,cajun_creole
47484,french
22933,southern_us
22914,thai
31108,british
37953,korean
6536,cajun_creole
14729,southern_us
14731,southern_us
31117,southern_us
47502,chinese
6543,southern_us
39312,mexican
6545,irish
47506,mexican
14740,moroccan
14741,indian
14743,thai
39320,italian
46148,korean
31130,brazilian
47518,thai
47520,italian
6561,southern_us
6562,indian
22947,chinese
31140,japanese
39333,chinese
38408,italian
14759,mexican
14760,italian
6570,southern_us
31147,mexican
20210,italian
47562,moroccan
6576,thai
47538,southern_us
22964,thai
39355,korean
14780,mexican
39357,french
6590,filipino
6591,japanese
39362,cajun_creole
21579,cajun_creole
47556,southern_us
31173,irish
22982,cajun_creole
6600,russian
31177,indian
41070,mexican
28407,mexican
39372,cajun_creole
22989,indian
33869,indian
22993,mexican
6610,french
47523,irish
39380,french
14807,jamaican
6618,mexican
14815,spanish
23008,japanese
47585,italian
23012,indian
23013,italian
46161,italian
39400,italian
6633,indian
14826,spanish
27047,moroccan
14831,mexican
47601,moroccan
14835,chinese
6648,french
17492,italian
6651,southern_us
46165,korean
23040,southern_us
23043,chinese
43594,mexican
23045,italian
6662,italian
31240,chinese
39434,japanese
14859,japanese
14860,chinese
6669,british
39439,mexican
6675,french
47636,indian
47638,chinese
6680,indian
47642,french
23067,russian
39452,irish
23070,mexican
47647,irish
47648,cajun_creole
6689,southern_us
14883,italian
23079,mexican
39464,indian
14896,french
23089,russian
10675,mexican
6710,jamaican
24329,french
14904,french
49597,mexican
23410,chinese
31295,southern_us
31296,mexican
25696,british
44811,southern_us
47689,italian
31306,southern_us
14923,southern_us
34049,chinese
14926,thai
6735,mexican
23120,chinese
14932,chinese
35686,mexican
23127,mexican
22140,mexican
47710,italian
23135,mexican
47715,mexican
39525,french
35141,cajun_creole
47719,indian
39533,southern_us
23150,british
43052,thai
40471,italian
39537,cajun_creole
14962,russian
31347,southern_us
31348,mexican
23160,british
31356,greek
47741,southern_us
47745,southern_us
39556,southern_us
23173,brazilian
6791,chinese
6792,cajun_creole
46636,italian
31371,italian
14989,italian
14993,french
39570,cajun_creole
22979,cajun_creole
6804,thai
39573,greek
23190,thai
39576,mexican
6810,thai
6811,french
23196,mexican
47776,greek
31395,filipino
39588,southern_us
23205,russian
31398,indian
39591,french
23211,cajun_creole
39599,french
31408,french
15025,mexican
39604,cajun_creole
15031,cajun_creole
31420,greek
39613,brazilian
6846,indian
31179,southern_us
31430,french
6855,italian
47817,italian
15050,southern_us
38007,italian
15053,thai
23247,british
15056,mexican
47825,italian
44692,greek
31443,mexican
6871,italian
31448,southern_us
23257,thai
47834,southern_us
45238,indian
15074,indian
31459,indian
23269,japanese
23270,mexican
6888,mexican
15081,italian
47570,cajun_creole
44840,italian
39666,french
39670,brazilian
47866,italian
31483,thai
39679,french
15104,french
6913,french
47874,cajun_creole
6915,italian
15112,southern_us
31498,italian
47884,italian
15122,thai
31507,southern_us
6936,mexican
3887,italian
31517,thai
6942,italian
47903,southern_us
31520,southern_us
28464,italian
6947,spanish
31525,italian
31527,spanish
39720,indian
39723,filipino
44695,korean
15149,french
39726,greek
31535,italian
6960,italian
36239,french
31541,spanish
42121,indian
23352,french
23354,italian
15163,spanish
23356,italian
31602,french
31200,cajun_creole
23362,southern_us
6980,greek
6981,irish
39755,japanese
42241,japanese
15181,italian
15182,indian
15188,japanese
23382,french
7000,russian
23388,cajun_creole
39397,italian
47969,mexican
7010,mexican
39782,southern_us
25745,mexican
35968,chinese
15211,indian
31596,chinese
15214,cajun_creole
48957,french
21238,indian
15218,italian
43879,mexican
7028,korean
47990,mexican
15223,indian
23416,italian
7034,italian
15227,japanese
39402,italian
15230,indian
17557,mexican
23424,italian
15233,indian
15235,cajun_creole
38038,chinese
7046,indian
23431,indian
7048,italian
7049,mexican
7050,italian
39820,indian
15249,southern_us
23443,thai
7062,southern_us
23450,british
31643,mexican
39836,mexican
39841,french
31653,italian
7078,filipino
31656,brazilian
31659,chinese
23471,russian
23472,italian
39857,spanish
39858,thai
23475,japanese
7092,italian
31670,jamaican
15287,italian
48056,italian
7098,indian
38047,mexican
15295,chinese
48065,vietnamese
23490,japanese
47364,korean
23496,chinese
23507,jamaican
7124,spanish
48085,indian
23510,italian
23033,cajun_creole
31705,irish
35699,moroccan
15324,italian
15325,indian
39419,irish
7140,indian
7141,southern_us
33790,italian
34063,cajun_creole
15349,italian
7159,moroccan
48121,vietnamese
7163,mexican
31745,mexican
48134,mexican
15367,indian
48136,mexican
47075,southern_us
23562,vietnamese
39947,cajun_creole
23565,british
39951,italian
7184,italian
36696,mexican
48146,thai
48147,chinese
23572,italian
7190,mexican
35701,thai
39960,cajun_creole
15385,cajun_creole
39964,indian
39965,cajun_creole
48160,french
23586,filipino
48987,thai
7206,indian
15399,vietnamese
31784,russian
15401,indian
23595,italian
15405,indian
39983,italian
31793,moroccan
39986,southern_us
7224,korean
15417,italian
7226,spanish
15419,italian
15420,mexican
15423,french
31816,italian
42795,mexican
15437,mexican
45523,italian
39437,italian
7249,southern_us
15445,spanish
48216,thai
31834,thai
15451,italian
13498,chinese
31839,italian
7265,indian
31844,thai
28518,greek
29939,greek
31849,greek
7274,italian
7278,italian
31855,moroccan
31858,italian
23059,chinese
40052,chinese
31863,cajun_creole
48250,cajun_creole
23677,thai
48254,japanese
31871,moroccan
23687,indian
48268,spanish
46889,chinese
7311,southern_us
23696,mexican
7315,russian
7316,cajun_creole
15509,italian
15510,southern_us
15515,cajun_creole
40093,italian
15521,korean
15522,mexican
47643,chinese
40100,greek
40103,cajun_creole
48301,french
28036,italian
7343,russian
23732,greek
31926,italian
40119,italian
36724,southern_us
15548,irish
28418,indian
7359,southern_us
31939,vietnamese
7370,thai
40139,french
23757,korean
40142,thai
34616,italian
31954,cajun_creole
34092,french
48345,vietnamese
15578,southern_us
31965,italian
31967,southern_us
40160,mexican
3963,southern_us
7396,indian
27174,spanish
23783,italian
7402,greek
48364,thai
15597,greek
15599,mexican
23793,southern_us
31986,greek
5331,russian
48376,japanese
15612,mexican
27178,mexican
40190,cajun_creole
23808,british
15617,italian
7426,southern_us
7427,chinese
48389,mexican
48390,greek
42494,italian
48392,italian
32016,cajun_creole
23825,greek
23828,japanese
40215,mexican
15640,italian
32025,mexican
32028,french
32029,indian
15648,indian
7457,thai
38107,indian
40229,mexican
40233,thai
23851,thai
40237,greek
32046,russian
23856,jamaican
40247,japanese
32710,cajun_creole
7482,greek
36746,thai
23873,italian
36747,southern_us
7493,southern_us
23878,mexican
23879,mexican
32074,chinese
23884,indian
40269,mexican
7502,greek
49037,italian
15699,southern_us
7510,cajun_creole
32088,mexican
7513,italian
15709,cajun_creole
29925,vietnamese
23904,vietnamese
23905,indian
7524,chinese
38118,indian
48486,cajun_creole
23912,japanese
23919,indian
7537,indian
23924,chinese
7541,chinese
32118,chinese
48504,thai
15737,greek
39487,italian
44442,french
32129,italian
15746,italian
15750,mexican
15752,mexican
40855,italian
32140,french
34077,japanese
48533,italian
7574,vietnamese
7576,southern_us
40345,mexican
23962,mexican
40353,italian
43513,southern_us
7589,mexican
32166,thai
32168,korean
23979,cajun_creole
15790,indian
48560,korean
49081,chinese
17651,indian
48564,british
40376,indian
42228,indian
32187,greek
15804,thai
15805,french
21749,mexican
31307,moroccan
18530,greek
15815,japanese
23713,mexican
7626,japanese
40395,thai
24015,french
39262,korean
40406,french
32215,chinese
49060,southern_us
40411,thai
45005,southern_us
32224,mexican
24035,moroccan
24037,french
42536,chinese
24040,mexican
21756,italian
44967,italian
15855,thai
32241,french
15859,italian
15861,southern_us
32247,italian
15864,italian
32249,russian
40442,italian
42239,japanese
24060,thai
32253,indian
48538,indian
48640,chinese
48641,mexican
15877,italian
40454,thai
15879,italian
24073,southern_us
24075,thai
32268,italian
7694,italian
7701,french
32279,indian
24090,cajun_creole
44720,vietnamese
7708,thai
48670,italian
24095,mexican
7712,brazilian
40483,southern_us
15908,vietnamese
32298,southern_us
46343,british
40492,mexican
32302,french
48687,italian
15921,mexican
24116,japanese
15925,japanese
32310,italian
15927,mexican
40902,cajun_creole
47449,mexican
24130,italian
48707,japanese
43617,chinese
24141,southern_us
48719,japanese
43260,chinese
32341,greek
15959,spanish
17679,cajun_creole
15964,italian
15965,indian
15967,italian
15968,french
48737,greek
15970,french
36539,indian
15974,british
34065,italian
24169,southern_us
7788,mexican
15981,mexican
40560,mexican
24177,vietnamese
7794,french
49086,french
7798,italian
28629,italian
15995,southern_us
24193,southern_us
45388,italian
32391,mexican
29975,mexican
16012,southern_us
48782,russian
48790,mexican
40599,indian
24217,french
32410,spanish
48795,indian
48796,italian
24221,french
40606,british
40901,mexican
32416,indian
9499,cajun_creole
32421,southern_us
16047,italian
48819,southern_us
16052,japanese
7861,jamaican
32438,japanese
44998,chinese
19060,british
7866,mexican
48827,indian
45002,jamaican
48830,mexican
29984,southern_us
32450,greek
7877,brazilian
40648,french
16073,indian
16074,indian
40652,mexican
24270,vietnamese
7887,mexican
7889,spanish
16083,italian
48854,italian
40663,russian
24281,italian
48859,korean
10800,italian
46514,mexican
16097,italian
32485,french
48870,filipino
38180,mexican
40680,mexican
27260,greek
48875,japanese
48876,british
32493,southern_us
31586,japanese
16117,italian
32502,indian
48887,italian
34914,spanish
34090,mexican
7935,italian
7938,southern_us
32516,russian
24326,italian
24328,chinese
16137,italian
7946,italian
7949,french
32526,japanese
7951,cajun_creole
32528,thai
24337,italian
32530,thai
7955,indian
16148,mexican
16153,mexican
27816,chinese
48925,southern_us
24354,jamaican
16164,indian
32551,mexican
16171,moroccan
48942,french
48944,japanese
48945,mexican
40754,irish
32563,mexican
7993,italian
32571,mexican
24381,chinese
24382,indian
36832,japanese
45821,cajun_creole
8005,japanese
8006,japanese
32583,mexican
35468,british
8011,french
8014,italian
24399,italian
24406,jamaican
8023,chinese
40795,thai
48988,irish
48989,french
44462,mexican
27000,indian
8034,french
42299,southern_us
32612,chinese
44731,italian
32616,indian
24426,mexican
34109,spanish
40816,indian
24433,italian
24435,cajun_creole
8053,mexican
43095,mexican
8059,southern_us
32639,chinese
40835,southern_us
39574,greek
34113,chinese
49032,japanese
40841,irish
16266,southern_us
8077,russian
40846,italian
32749,greek
32656,thai
24468,cajun_creole
40853,moroccan
40854,spanish
8087,french
542,vietnamese
39578,brazilian
45040,french
39579,italian
16292,chinese
8105,british
32683,thai
28658,mexican
44188,italian
8119,moroccan
8120,mexican
32697,indian
8123,indian
32700,southern_us
25930,chinese
24510,french
24512,indian
16325,cajun_creole
8134,indian
24522,italian
40910,italian
9549,italian
24528,italian
8147,korean
38188,mexican
49114,moroccan
16347,french
25913,mexican
16351,indian
18548,french
45051,french
40933,french
46372,french
8170,southern_us
16365,mexican
28669,french
39280,southern_us
8178,mexican
24566,french
24570,spanish
49147,italian
16380,mexican
